title,heading,content,tokens
Physical Characteristics,Height and Weight,Froofy Hugger is a penguin that stands about 2 feet tall and weighs about 10 pounds.,22
Physical Characteristics,Distinctive Feature,"Its most distinctive feature is its blue beanie, which it never takes off. The beanie is made of a soft, warm material and has a white pom-pom on top.",39
Eating Habits,Food Preferences,"Froofy Hugger has a sweet tooth and loves to eat cakes. It can eat up to three cakes in one sitting and has a preference for vanilla and chocolate cakes. In addition to cakes, Froofy Hugger also enjoys eating fish, shrimp, and other seafood.",57
Habitat,Living Environment,"Froofy Hugger lives in a chilly environment, such as the Antarctic or the Arctic. It makes its home in a cozy igloo and has several caves nearby where it can hunt for food. The area is surrounded by snow-covered hills and frozen lakes, providing plenty of opportunities for Froofy Hugger to play and slide.",69
Personality,Friendly and Curious,Froofy Hugger is a friendly and curious penguin. It loves to explore its surroundings and make new friends.,25
Personality,Active,"Despite its love of sweets, Froofy Hugger is quite active and loves to play games, such as hide-and-seek and tag, with its penguin friends.",36
Favorite Activities,Eating Cakes,"As previously mentioned, Froofy Hugger loves to eat cakes. It especially enjoys trying new flavors and textures of cakes.",25
Favorite Activities,Exploring,Froofy Hugger is always eager to explore new places and meet new friends. It particularly enjoys discovering new caves and tunnels in its icy habitat.,31
Favorite Activities,Playing Games,Froofy Hugger is a playful penguin and loves to play games with its friends. It especially enjoys playing hide-and-seek and tag.,32
